x,intensity
149.398725,0.00122755
149.346905,0.00047588
149.302263,0.00000000
149.256213,0.00000000
149.207431,0.00761548
149.160004,0.00406307
149.107371,0.00498558
149.064525,0.02600031
149.015824,0.00000000
148.964816,0.00714874
148.920308,0.02352938
148.872350,0.02717455
148.823304,0.02132357
148.775266,0.01799221
148.727222,0.00000000
148.680129,0.02399893
148.627680,0.00000000
148.584628,0.00000000
148.535859,0.00000000
148.486986,0.00000000
148.439626,0.00976684
148.392584,0.01032532
148.343877,0.00941510
148.295759,0.00115468
148.247498,0.00109625
148.199197,0.00000000
148.148145,0.00638375
148.104613,0.00190484
148.054707,0.00000000
148.008541,0.03988057
147.956805,0.00086416
147.909713,0.00000000
147.865372,0.00000000
147.814638,0.01462657
147.769436,0.02359539
147.721472,0.01621637
147.668954,0.00000000
147.622008,0.01116591
147.576961,0.02995284
147.527970,0.00000000
147.481011,0.02113275
147.433810,0.00000000
147.383572,0.00000000
147.335254,0.00000000
147.290026,0.00000000
147.239707,0.01270340
147.194703,0.00000000
147.143005,0.03449564
147.096250,0.01346939
147.050750,0.03357954
146.998050,0.00623282
146.954548,0.00000000
146.902630,0.00632649
146.858106,0.02009005
146.810750,0.01656501
146.761897,0.00000000
146.714847,0.01549347
146.665733,0.00000000
146.619261,0.00000000
146.571579,0.01344023
146.519864,0.02459330
146.474807,0.00000000
146.425595,0.01005133
146.377879,0.02203595
146.326953,0.02461039
146.283861,0.00000000
146.234583,0.00412448
146.183772,0.03649137
146.135226,0.00893374
146.090306,0.00000000
146.040794,0.00000000
145.993413,0.02677567
145.947336,0.00957127
145.898764,0.00568336
145.850697,0.00000000
145.804352,0.03032984
145.751509,0.00000000
145.705849,0.01698167
145.660168,0.02099963
145.609174,0.01396022
145.560155,0.04154468
145.515312,0.03094009
145.463777,0.00000000
145.417816,0.00000000
145.371217,0.00000000
145.321335,0.00000000
145.273512,0.00089534
145.223772,0.00118980
145.176229,0.01809755
145.130321,0.00000000
145.082848,0.00308163
145.036991,0.00000000
144.988792,0.00268063
144.935942,0.01709821
144.888123,0.00000000
144.840487,0.00000000
144.796738,0.01282909
144.746338,0.01990236
144.700604,0.00615912
144.650388,0.02094140
144.602055,0.02235080
144.553765,0.00000000
144.505460,0.02594042
144.458511,0.00000000
144.412515,0.00000000
144.361877,0.00000000
144.317385,0.02131653
144.268509,0.00740407
144.220206,0.00000000
144.171164,0.00360094
144.125690,0.00000000
144.076303,0.03284968
144.026846,0.00000000
143.979524,0.00000000
143.934149,0.00000000
143.881777,0.00121664
143.835562,0.02176941
143.789510,0.00000000
143.741576,0.03208872
143.693432,0.03332212
143.646321,0.00000000
143.594568,0.00863631
143.548010,0.02038536
143.499195,0.00000000
143.452040,0.00000000
143.404172,0.00000000
143.359358,0.00000000
143.306068,0.00942963
143.259827,0.01325498
143.212076,0.01219584
143.165918,0.00000000
143.115007,0.00000000
143.071184,0.00744027
143.022932,0.00915693
142.974736,0.00000000
142.924189,0.00000000
142.875669,0.00000000
142.830786,0.00000000
142.779126,0.00000000
142.734407,0.00000000
142.682874,0.00000000
142.635930,0.00000000
142.590485,0.00000000
142.542424,0.00000000
142.494954,0.00000000
142.444662,0.01134686
142.399725,0.00127426
142.351209,0.04829316
142.300705,0.02306991
142.252213,0.00000000
142.208404,0.00000000
142.155322,0.00000000
142.110853,0.00000000
142.062346,0.00000000
142.011793,0.00000000
141.967076,0.00000000
141.916509,0.00000000
141.867550,0.01004332
141.824403,0.00000000
141.772475,0.00091263
141.726068,0.00000000
141.677902,0.00000000
141.630316,0.06272419
141.580918,0.00000000
141.534260,0.04742430
141.487119,0.00000000
141.436996,0.00000000
141.390110,0.00101933
141.343194,0.00000000
141.293301,0.00000000
141.247691,0.00000000
141.197962,0.00970598
141.150116,0.00000000
141.103466,0.00000000
141.057422,0.00000000
141.008772,0.00000000
140.957227,0.03696470
140.914002,0.00000000
140.862038,0.01721124
140.817076,0.00902343
140.766906,0.00000000
140.718503,0.03186680
140.670020,0.01667449
140.622523,0.00000000
140.575412,0.01075981
140.529398,0.00000000
140.482692,0.01220338
140.432230,0.00000000
140.382410,0.00000000
140.335493,0.00000000
140.289171,0.00261847
140.239484,0.00605852
140.193308,0.00000000
140.146098,0.00000000
140.093992,0.00937121
140.047252,0.00000000
140.001063,0.01696874
139.951220,0.00900621
139.905105,0.00000000
139.859229,0.00000000
139.810549,0.00531583
139.762879,0.01106413
139.714245,0.00468462
139.664317,0.00000000
139.618241,0.00000000
139.566449,0.00000000
139.519891,0.01456573
139.471479,0.00088438
139.426512,0.01554262
139.378913,0.00000000
139.329969,0.00000000
139.283497,0.00000000
139.234271,0.00000000
139.185677,0.00565525
139.137602,0.01679211
139.092257,0.00000000
139.042364,0.03092540
138.996280,0.01520587
138.946390,0.02212361
138.895354,0.04344786
138.847162,0.00000000
138.800497,0.00000000
138.756616,0.00000000
138.707818,0.00595820
138.655605,0.00000000
138.610096,0.00000000
138.561347,0.00000000
138.516433,0.01802414
138.464591,0.00672444
138.420208,0.03953218
138.372566,0.00000000
138.321364,0.00000000
138.272057,0.00000000
138.228519,0.01436512
138.175934,0.00000000
138.128115,0.00023670
138.083925,0.00000000
138.036781,0.00000000
137.987207,0.00000000
137.938798,0.00721677
137.891938,0.00000000
137.845124,0.00000000
137.797868,0.00000000
137.745817,0.00000000
137.697905,0.00334894
137.652334,0.01720305
137.605538,0.00000000
137.553843,0.00000000
137.504895,0.00533709
137.456956,0.00000000
137.410679,0.00573035
137.365703,0.00000000
137.318426,0.00294945
137.265496,0.00000000
137.222506,0.01566911
137.172313,0.01896915
137.126686,0.00000000
137.077999,0.04208430
137.028663,0.00000000
136.982538,0.00706309
136.930862,0.00815133
136.884014,0.02690823
136.836795,0.00000000
136.787343,0.00158126
136.742815,0.00000000
136.693185,0.02522318
136.645291,0.00000000
136.597666,0.00000000
136.548507,0.04744719
136.499375,0.00000000
136.454389,0.00000000
136.402342,0.00000000
136.359218,0.00000000
136.311410,0.01264837
136.261398,0.01032286
136.212319,0.00039294
136.165649,0.00064855
136.115758,0.00000000
136.068162,0.01382618
136.023985,0.00000000
135.972696,0.00886706
135.928016,0.02505754
135.878148,0.00000000
135.831268,0.00000000
135.779303,0.03590903
135.736055,0.00000000
135.684948,0.00000000
135.639443,0.00000000
135.589898,0.00000000
135.540792,0.01334566
135.492500,0.00946906
135.445305,0.00000000
135.397523,0.00000000
135.352711,0.00000000
135.299764,0.01468682
135.256787,0.01813698
135.205304,0.00234086
135.158504,0.00000000
135.112461,0.01203926
135.063925,0.00000000
135.013871,0.00000000
134.965948,0.00000000
134.918988,0.00958377
134.873241,0.01530043
134.824246,0.01012270
134.776237,0.04735063
134.727786,0.00837436
134.676913,0.00442793
134.633112,0.02764997
134.581803,0.00000000
134.532365,0.00896300
134.489484,0.00000000
134.441810,0.00000000
134.390650,0.00000000
134.344823,0.00588271
134.293731,0.02306620
134.244882,0.00000000
134.199738,0.00000000
134.152644,0.02541617
134.101794,0.00000000
134.052866,0.01041386
134.005799,0.00205168
133.959596,0.00000000
133.912736,0.03610172
133.862816,0.04792764
133.814161,0.01231429
133.770511,0.02599368
133.720672,0.00000000
133.674556,0.00000000
133.624019,0.01325170
133.576856,0.00000000
133.530585,0.01254802
133.482970,0.00000000
133.429893,0.00000000
133.382822,0.02399669
133.333840,0.00000000
133.286323,0.00000000
133.239608,0.02527263
133.189813,0.00000000
133.145381,0.00989389
133.095540,0.00000000
133.051376,0.03725443
133.002620,0.02779282
132.954575,0.01372432
132.903708,0.00000000
132.859160,0.03861708
132.809107,0.03243070
132.760310,0.00660420
132.711398,0.04807212
132.664866,0.00000000
132.616501,0.01316261
132.569648,0.00000000
132.520511,0.01839478
132.475544,0.00000000
132.427422,0.01699824
132.378620,0.01910623
132.328104,0.02851838
132.279187,0.02048356
132.232345,0.01059238
132.186237,0.01293294
132.140010,0.00000000
132.087100,0.00000000
132.042491,0.00000000
131.996479,0.00000000
131.944640,0.00763150
131.898627,0.00000000
131.850994,0.00373725
131.799873,0.00527975
131.755569,0.00000000
131.707686,0.00768688
131.659940,0.00000000
131.609251,0.03570245
131.560693,0.02089868
131.517055,0.00000000
131.465377,0.00000000
131.418505,0.00000000
131.371737,0.03019868
131.323855,0.01997745
131.275023,0.02217621
131.225087,0.00000000
131.177365,0.02843254
131.133584,0.00000000
131.083126,0.03106432
131.037068,0.00401989
130.988843,0.02333803
130.937238,0.00000000
130.891001,0.00660989
130.843777,0.00000000
130.797482,0.01567947
130.745853,0.00000000
130.696772,0.01573857
130.649378,0.00000000
130.604862,0.00349787
130.557641,0.00000000
130.509777,0.03847048
130.457295,0.01785985
130.413015,0.00000000
130.361209,0.00000000
130.316031,0.00000000
130.266073,0.00214448
130.219617,0.01774085
130.170011,0.00000000
130.121531,0.01757779
130.076889,0.01577118
130.030124,0.00000000
129.981736,0.00000000
129.931151,0.02689203
129.884864,0.00000000
129.837853,0.00000000
129.789789,0.00000000
129.739708,0.00000000
129.690790,0.01811415
129.644212,0.01078833
129.594190,0.02611689
129.550399,0.00000000
129.501040,0.00000000
129.454682,0.02582257
129.405475,0.29188692
129.358153,0.01358899
129.309909,0.07409187
129.259836,0.01649920
129.211899,0.00993246
129.162708,0.00211106
129.117755,0.02980552
129.070637,0.08891007
129.022802,0.00880469
128.975860,0.00194305
128.928243,0.01152248
128.876677,0.02140812
128.828662,0.00000000
128.779347,0.00196598
128.736144,0.00000000
128.687663,0.00182122
128.639942,0.03772462
128.588397,0.00000000
128.541068,0.01232361
128.496412,0.00000000
128.443577,0.00503840
128.396055,0.00000000
128.349994,0.01765132
128.300510,0.02840759
128.253141,0.00071334
128.204588,0.00000000
128.160458,0.00000000
128.110073,0.00000000
128.063676,0.00000000
128.013149,0.00000000
127.964270,0.00000000
127.918688,0.04477288
127.870607,0.00000000
127.824476,0.00000000
127.772473,0.00000000
127.728229,0.00279939
127.676929,0.00000000
127.633006,0.00000000
127.583893,0.00000000
127.535395,0.03556628
127.488969,0.01149970
127.437734,0.05751291
127.391924,0.01182767
127.344774,0.00000000
127.295187,0.00000000
127.248602,0.01151591
127.201018,0.00003668
127.152195,0.00271820
127.104956,0.00000000
127.055489,0.00000000
127.007824,0.00000000
126.961662,0.00000000
126.914610,0.00000000
126.864808,0.00232977
126.814897,0.00000000
126.766528,0.02050435
126.718836,0.01781044
126.671106,0.01698013
126.626459,0.00000000
126.573727,0.00801958
126.528309,0.00990096
126.481734,0.00000000
126.430488,0.00000000
126.384823,0.01377948
126.334858,0.00000000
126.289260,0.02182229
126.238585,0.00000000
126.195340,0.00000000
126.142495,0.00000000
126.095591,0.01190644
126.047268,0.01889588
126.002919,0.01900702
125.953933,0.02129343
125.904911,0.00000000
125.854539,0.00000000
125.809212,0.01645177
125.761798,0.00000000
125.713950,0.02583777
125.666114,0.00308943
125.618346,0.00000000
125.568585,0.01699473
125.524225,0.00000000
125.475914,0.03713559
125.427880,0.00000000
125.376520,0.00226575
125.330501,0.00000000
125.281951,0.00000000
125.233694,0.01165812
125.186068,0.02112332
125.136843,0.02188072
125.090458,0.00000000
125.039287,0.00000000
124.991778,0.00304364
124.944971,0.00000000
124.900198,0.01062228
124.848774,0.01599097
124.801741,0.00228909
124.753719,0.00287248
124.705062,0.00000000
124.658836,0.00000000
124.608316,0.00409865
124.562012,0.00897379
124.514223,0.00000000
124.465288,0.00000000
124.420344,0.00000000
124.371937,0.00000000
124.321516,0.00112862
124.273389,0.00000000
124.226369,0.01347354
124.177208,0.02529884
124.131079,0.00474196
124.081132,0.00000000
124.036533,0.00000000
123.987111,0.00000000
123.937813,0.00000000
123.892854,0.00890400
123.841814,0.00955856
123.794371,0.01984771
123.747991,0.00655996
123.700519,0.00000000
123.653970,0.00000000
123.601577,0.01253036
123.557895,0.00000000
123.509189,0.00105422
123.459963,0.00000000
123.410052,0.00496919
123.365478,0.00000000
123.314431,0.02052898
123.266575,0.00000000
123.218647,0.00000000
123.171833,0.04165080
123.127044,0.02071727
123.076641,0.02392529
123.028355,0.00000000
122.979511,0.00000000
122.933254,0.00000000
122.885510,0.02480662
122.835810,0.01438656
122.789907,0.00000000
122.739567,0.00000000
122.693115,0.01166124
122.645807,0.00000000
122.598832,0.00514605
122.550129,0.01248894
122.501311,0.00000000
122.451157,0.03918807
122.404781,0.00000000
122.355435,0.03966013
122.310970,0.00000000
122.263497,0.00000000
122.211214,0.02295750
122.166553,0.00000000
122.117388,0.00306569
122.067153,0.00000000
122.020953,0.00000000
121.972130,0.00000000
121.925919,0.00000000
121.876409,0.00000000
121.829802,0.00538288
121.780784,0.03736970
121.732919,0.00000000
121.685402,0.00000000
121.639124,0.00000000
121.587476,0.02609034
121.544494,0.00000000
121.493258,0.00810750
121.448865,0.00000000
121.397154,0.00000000
121.350431,0.01492884
121.300501,0.00500633
121.253653,0.02760198
121.207836,0.00000000
121.157804,0.03091926
121.112955,0.00000000
121.061601,0.02636469
121.015443,0.00000000
120.969390,0.02124262
120.918851,0.00000000
120.871359,0.01663343
120.822582,0.01898753
120.772829,0.01299032
120.724622,0.03035657
120.679514,0.00244008
120.629961,0.00702585
120.583407,0.01703837
120.534416,0.00000000
120.484768,0.00000000
120.441458,0.00000000
120.393876,0.00446217
120.342186,0.01864860
120.294652,0.00000000
120.249520,0.05003428
120.201569,0.01342509
120.152406,0.03740516
120.105365,0.00000000
120.056303,0.00093569
120.010778,0.00000000
119.959172,0.00000000
119.909947,0.00000000
119.862788,0.00000000
119.816553,0.00000000
119.769429,0.01915259
119.721328,0.00275863
119.673083,0.00947343
119.622033,0.01332545
119.578599,0.00000000
119.527975,0.00000000
119.482476,0.02522916
119.433601,0.01889741
119.387005,0.00000000
119.339546,0.02422953
119.291508,0.02096802
119.242558,0.00350514
119.194324,0.00000000
119.144438,0.00000000
119.098952,0.00000000
119.051854,0.02295517
119.002010,0.00000000
118.954739,0.00007563
118.903470,0.00000000
118.856560,0.01016413
118.808466,0.02003307
118.762155,0.00840629
118.713275,0.01454780
118.667882,0.00000000
118.616507,0.02192350
118.567177,0.01106588
118.523513,0.02276487
118.471452,0.00000000
118.425004,0.00555487
118.378230,0.00000000
118.332028,0.04081514
118.283160,0.00000000
118.233788,0.00000000
118.187664,0.01519085
118.140322,0.02716714
118.092404,0.00000000
118.039663,0.00000000
117.995391,0.00000000
117.947533,0.01171329
117.899437,0.02659497
117.848870,0.00000000
117.801750,0.00000000
117.752302,0.00000000
117.705671,0.00000000
117.659359,0.02139831
117.612330,0.00000000
117.562190,0.01837017
117.512721,0.04166959
117.465653,0.00000000
117.421778,0.00606902
117.371684,0.00000000
117.323822,0.02074333
117.272827,0.00385209
117.227052,0.00000000
117.178480,0.00000000
117.132101,0.00242901
117.085135,0.02679437
117.035618,0.00491818
116.989697,0.01221905
116.938261,0.02880174
116.890211,0.00863811
116.841988,0.01375421
116.798129,0.01937490
116.746132,0.04924349
116.699911,0.00000000
116.650439,0.00899166
116.606685,0.00000000
116.557772,0.01143664
116.509249,0.00750956
116.462120,0.00000000
116.413127,0.03760019
116.366987,0.04620290
116.314129,0.00000000
116.266679,0.02125944
116.222814,0.00000000
116.175100,0.01451636
116.126039,0.00000000
116.075339,0.00000000
116.026571,0.00000000
115.981005,0.01297112
115.932605,0.02037734
115.885981,0.00000000
115.834447,0.00000000
115.788733,0.00000000
115.742908,0.00874315
115.693017,0.00000000
115.643356,0.00542572
115.599520,0.00000000
115.550095,0.00000000
115.503652,0.00841414
115.454735,0.03292775
115.403164,0.00000000
115.357418,0.00000000
115.309633,0.03662639
115.259203,0.00000000
115.215217,0.00000000
115.165634,0.00000000
115.118339,0.02890583
115.067457,0.00000000
115.022676,0.03455960
114.975735,0.00000000
114.928055,0.03673990
114.875882,0.00161665
114.831034,0.00162397
114.782633,0.00000000
114.732613,0.01940390
114.686048,0.00816563
114.639420,0.01523988
114.589630,0.00000000
114.540932,0.02866164
114.493741,0.00000000
114.446352,0.00000000
114.397851,0.00000000
114.348938,0.00000000
114.303904,0.00000000
114.254444,0.01431619
114.206472,0.00000000
114.159049,0.00796783
114.111575,0.00092795
114.064336,0.01031788
114.012874,0.01420086
113.969881,0.00000000
113.919728,0.00748165
113.872106,0.02578826
113.824214,0.01817388
113.774057,0.00000000
113.728063,0.00476638
113.680860,0.00000000
113.631136,0.01358470
113.584868,0.00000000
113.536768,0.00000000
113.489767,0.02734240
113.437382,0.00000000
113.389011,0.00870050
113.341158,0.00204810
113.297511,0.00954181
113.245511,0.01017468
113.197704,0.01344405
113.149434,0.00000000
113.105473,0.01795503
113.057701,0.00000000
113.009146,0.00151721
112.958424,0.03545576
112.912772,0.00000000
112.866616,0.00270951
112.818718,0.00000000
112.769836,0.00000000
112.720916,0.01309226
112.672849,0.00000000
112.625475,0.03159614
112.574417,0.01185522
112.530869,0.00000000
112.481655,0.00000000
112.431658,0.00000000
112.384580,0.00000000
112.337304,0.00000000
112.291432,0.00609741
112.240610,0.00000000
112.191767,0.00194539
112.146696,0.00083484
112.097658,0.00000000
112.048297,0.00836631
111.999558,0.00000000
111.956102,0.01130393
111.904343,0.00000000
111.857881,0.00000000
111.808826,0.01504569
111.762251,0.00000000
111.713093,0.00000000
111.666630,0.00546324
111.619809,0.00012884
111.572531,0.00000000
111.520970,0.00000000
111.471965,0.00000000
111.426954,0.00000000
111.378792,0.00783187
111.328951,0.00765530
111.281669,0.04903493
111.235771,0.00000000
111.184831,0.00000000
111.139104,0.00351927
111.090085,0.00410936
111.041079,0.00000000
110.996826,0.01537319
110.947355,0.01298714
110.898925,0.00000000
110.850672,0.00000000
110.804388,0.00000000
110.753906,0.00000000
110.707003,0.00819846
110.658019,0.04307248
110.609092,0.00711162
110.563516,0.00000000
110.515712,0.00000000
110.465363,0.00000000
110.418021,0.02646116
110.369899,0.00000000
110.322238,0.01365987
110.275529,0.00000000
110.227314,0.01763372
110.178806,0.00000000
110.131181,0.00000000
110.085447,0.00000000
110.037894,0.00212285
109.988152,0.01099568
109.940093,0.02261721
109.894090,0.01976895
109.843617,0.01828515
109.793437,0.02298323
109.746203,0.00234141
109.701868,0.00000000
109.649400,0.00000000
109.603390,0.00705103
109.554083,0.01078682
109.511079,0.00000000
109.460645,0.00000000
109.412400,0.00000000
109.366983,0.00000000
109.318240,0.00000000
109.266161,0.00000000
109.219108,0.00000000
109.174770,0.00000000
109.123918,0.00000000
109.074878,0.00000000
109.030970,0.01439749
108.981942,0.00022239
108.932619,0.00408358
108.885338,0.02699788
108.834424,0.00000000
108.788138,0.02617020
108.742563,0.00000000
108.692017,0.00000000
108.644916,0.00000000
108.596288,0.04404805
108.547373,0.00000000
108.498754,0.00000000
108.455537,0.03239762
108.407094,0.00000000
108.357717,0.00000000
108.310420,0.00000000
108.261031,0.00000000
108.214699,0.00000000
108.165520,0.00000000
108.119983,0.00000000
108.072363,0.00000000
108.022800,0.01931947
107.975214,0.00000000
107.927489,0.00000000
107.879044,0.00450923
107.832788,0.01693620
107.784721,0.00000000
107.737217,0.04716619
107.687017,0.00000000
107.640372,0.01272920
107.593259,0.00000000
107.543981,0.00000000
107.492060,0.00000000
107.448190,0.00000000
107.396957,0.00974444
107.349079,0.00842141
107.301216,0.00448074
107.256314,0.00421468
107.204469,0.01379682
107.157831,0.00000000
107.111315,0.00981889
107.060987,0.00000000
107.015972,0.00000000
106.968105,0.00025116
106.918567,0.00000000
106.869577,0.00000000
106.822895,0.00736660
106.775224,0.01095462
106.729645,0.00570906
106.677318,0.00000000
106.631355,0.01769923
106.581336,0.00000000
106.533773,0.05647429
106.489113,0.00000000
106.442483,0.00000000
106.393454,0.00000000
106.343796,0.03524725
106.297304,0.00959257
106.246397,0.00000000
106.197832,0.00000000
106.154763,0.00000000
106.104053,0.04752464
106.057719,0.03934986
106.008428,0.00000000
105.958898,0.00000000
105.912075,0.00931995
105.866814,0.02893582
105.817658,0.00127558
105.766823,0.00000000
105.718334,0.00000000
105.670671,0.00000000
105.626897,0.00848877
105.574321,0.00775379
105.528799,0.02415841
105.480000,0.00000000
105.433182,0.00866278
105.382522,0.02460321
105.334946,0.03877093
105.288777,0.01084638
105.242331,0.00000000
105.193794,0.03206137
105.144001,0.00000000
105.097106,0.00000000
105.047768,0.00000000
105.000937,0.00000000
104.951104,0.02600772
104.906309,0.00000000
104.858290,0.00000000
104.809051,0.00798193
104.760057,0.01813793
104.712213,0.00000000
104.663907,0.00000000
104.618766,0.03093469
104.570114,0.00000000
104.520195,0.00301672
104.472605,0.00000000
104.426468,0.01863282
104.379468,0.01107085
104.331183,0.00246282
104.280965,0.00000000
104.232778,0.01355184
104.186820,0.00000000
104.138899,0.02308313
104.090781,0.01020059
104.041001,0.00000000
103.996672,0.00000000
103.945933,0.00973221
103.898586,0.04415315
103.849687,0.01856792
103.801192,0.03152939
103.756156,0.00000000
103.705908,0.00000000
103.658858,0.00000000
103.612417,0.00000000
103.564250,0.02779167
103.514450,0.00000000
103.467437,0.00000000
103.418644,0.00756011
103.373198,0.00000000
103.324624,0.01958409
103.273651,0.00000000
103.227884,0.00000000
103.182246,0.00000000
103.133162,0.00483345
103.082067,0.00000000
103.036249,0.00000000
102.988841,0.00000000
102.940971,0.03009039
102.892123,0.00493372
102.844341,0.00000000
102.797531,0.00000000
102.749886,0.00000000
102.698467,0.01144445
102.653502,0.00000000
102.607105,0.01708034
102.555837,0.00061134
102.511094,0.00000000
102.459134,0.02265608
102.413606,0.00000000
102.362681,0.00168336
102.318720,0.00000000
102.267960,0.00500858
102.219534,0.01381035
102.174638,0.00000000
102.125521,0.00000000
102.078498,0.00000000
102.028807,0.00000000
101.979658,0.00000000
101.935158,0.02687564
101.887332,0.00000000
101.838196,0.00000000
101.789316,0.00000000
101.742587,0.00000000
101.692750,0.01141271
101.647359,0.00833749
101.599433,0.00000000
101.551186,0.00000000
101.504445,0.00000000
101.455082,0.00000000
101.403908,0.00020625
101.356054,0.00000000
101.311421,0.00000000
101.263690,0.00820566
101.211772,0.00000000
101.163675,0.00000000
101.115870,0.01444957
101.071400,0.00000000
101.022454,0.00000000
100.976309,0.00000000
100.925772,0.00000000
100.881016,0.00506243
100.829645,0.00000000
100.783486,0.02662295
100.734835,0.00000000
100.688617,0.01208996
100.641505,0.02908625
100.588768,0.00000000
100.545648,0.01230190
100.497195,0.00000000
100.448354,0.04310371
100.397243,0.02908463
100.350256,0.00000000
100.303854,0.00542392
100.253838,0.00000000
100.204616,0.01813525
100.157553,0.00583232
100.109717,0.00729706
100.062601,0.02706091
100.015630,0.00000000
99.966051,0.02680519
99.919839,0.00000000
99.870497,0.00000000
99.825688,0.00000000
99.776256,0.00000000
99.728024,0.00677842
99.681323,0.04444811
99.629438,0.00000000
99.583542,0.00666728
99.536975,0.00000000
99.485746,0.02534507
99.439294,0.02928890
99.389621,0.00539375
99.341664,0.00000000
99.297920,0.00000000
99.249141,0.00142385
99.202953,0.01624652
99.153785,0.03156589
99.105336,0.03247095
99.058904,0.02126577
99.009338,0.00000000
98.960167,0.01470067
98.911272,0.02058351
98.864769,0.00000000
98.816381,0.00000000
98.766616,0.00000000
98.723666,0.00000000
98.674401,0.00000000
98.627000,0.00000000
98.575138,0.00000000
98.526687,0.00000000
98.481537,0.00000000
98.432209,0.00048401
98.386624,0.00000000
98.338644,0.00000000
98.287618,0.00586170
98.242465,0.01243313
98.194360,0.00000000
98.144735,0.00301050
98.095937,0.00000000
98.047660,0.00000000
98.000476,0.00000000
97.953062,0.00000000
97.903670,0.02009752
97.857190,0.04820524
97.807770,0.00000000
97.760001,0.01582535
97.714504,0.00000000
97.666088,0.00000000
97.617781,0.02725252
97.571269,0.00000000
97.522114,0.00000000
97.473450,0.00738979
97.423984,0.00531566
97.377228,0.00000000
97.332645,0.00000000
97.282007,0.01582076
97.234513,0.02127764
97.187298,0.00000000
97.137188,0.00272001
97.089358,0.00000000
97.045542,0.00000000
96.992893,0.05227666
96.945872,0.01861347
96.899253,0.00000000
96.848556,0.00000000
96.803438,0.01240930
96.757913,0.02168465
96.705397,0.00000000
96.661531,0.02131355
96.611878,0.00000000
96.562374,0.00000000
96.513170,0.00000000
96.466011,0.00000000
96.422393,0.01191108
96.373654,0.00768056
96.322263,0.00284609
96.277645,0.00000000
96.229518,0.00000000
96.177274,0.00000000
96.133261,0.02709268
96.082028,0.00000000
96.035720,0.00000000
95.988018,0.00000000
95.940723,0.02247134
95.891316,0.01151129
95.845009,0.00000000
95.798498,0.00000000
95.746764,0.00000000
95.700320,0.00322249
95.654622,0.00000000
95.607323,0.00000000
95.559375,0.00000000
95.506537,0.03637181
95.461832,0.01046513
95.413070,0.03987014
95.366005,0.02730209
95.318457,0.01217638
95.266346,0.01003950
95.219834,0.02789375
95.172630,0.00000000
95.126393,0.00879904
95.079153,0.00000000
95.031182,0.00000000
94.980135,0.01090650
94.934573,0.00000000
94.884918,0.00000000
94.835293,0.00000000
94.790828,0.00000000
94.741639,0.02821621
94.694594,0.01424526
94.647594,0.00000000
94.599992,0.00000000
94.549219,0.00000000
94.502130,0.03705760
94.453065,0.00000000
94.403979,0.01843546
94.358285,0.01772046
94.312511,0.00000000
94.261252,0.00000000
94.213095,0.00000000
94.165030,0.00000000
94.119398,0.00000000
94.070040,0.02312172
94.020879,0.04832560
93.977100,0.00000000
93.929026,0.02052389
93.880323,0.00000000
93.833121,0.00143688
93.780759,0.00000000
93.736995,0.00964787
93.686518,0.00000000
93.638570,0.00950419
93.590194,0.00000000
93.542441,0.00000000
93.495206,0.00000000
93.447005,0.00000000
93.401489,0.05030284
93.353971,0.03218941
93.305653,0.02606364
93.255307,0.00910742
93.207520,0.00000000
93.158604,0.00000000
93.112531,0.00000000
93.062683,0.00000000
93.016961,0.00810652
92.966668,0.00000000
92.919384,0.00000000
92.869550,0.00000000
92.824862,0.00000000
92.777050,0.00000000
92.730114,0.00000000
92.680942,0.00123401
92.631458,0.01531198
92.582977,0.00134003
92.536150,0.00205571
92.489776,0.00368275
92.440681,0.00000000
92.394414,0.00000000
92.341869,0.00888768
92.294655,0.00522916
92.248678,0.04314227
92.203032,0.00000000
92.154065,0.01907244
92.106231,0.04375869
92.058990,0.00009727
92.009761,0.00000000
91.962316,0.00000000
91.912387,0.00000000
91.867688,0.00000000
91.814537,0.00000000
91.769643,0.00000000
91.722338,0.00000000
91.673464,0.03172639
91.625635,0.00000000
91.577725,0.00968901
91.527263,0.02579021
91.481997,0.00000000
91.432592,0.02237575
91.388409,0.00000000
91.339651,0.00000000
91.287770,0.00000000
91.243118,0.00000000
91.192537,0.00676484
91.143207,0.00150572
91.095729,0.00172390
91.047494,0.03104585
91.000466,0.00000000
90.955181,0.02017508
90.905676,0.00906612
90.858810,0.00000000
90.811891,0.03853579
90.760265,0.00000000
90.715545,0.00000000
90.665330,0.02624190
90.617855,0.01578839
90.571065,0.04473011
90.519842,0.00486386
90.476356,0.01739633
90.426340,0.00000000
90.380056,0.00000000
90.333336,0.02317908
90.284240,0.00097885
90.235556,0.00072267
90.185986,0.01008575
90.137891,0.00000000
90.091648,0.00000000
90.044485,0.00000000
89.997741,0.03242100
89.945144,0.00000000
89.896879,0.00000000
89.848878,0.00000000
89.804931,0.00000000
89.755277,0.00000000
89.707728,0.03132176
89.657247,0.00000000
89.611871,0.00000000
89.562894,0.01395693
89.517323,0.03208792
89.466745,0.00000000
89.421957,0.00000000
89.371464,0.00000000
89.321601,0.03177930
89.277833,0.00993314
89.225640,0.00000000
89.182079,0.02475705
89.130415,0.00000000
89.086412,0.01383972
89.036491,0.02698343
88.988981,0.00303702
88.938240,0.00000000
88.893912,0.00000000
88.845307,0.00000000
88.795731,0.00772714
88.747573,0.03954127
88.701072,0.00000000
88.655166,0.01625023
88.604026,0.00194879
88.558625,0.00000000
88.510827,0.00296384
88.461487,0.00330427
88.410840,0.00000000
88.363710,0.02849331
88.314779,0.01555534
88.271154,0.00000000
88.224043,0.00000000
88.174194,0.02674797
88.127084,0.01165108
88.079725,0.00237380
88.027471,0.00000000
87.981513,0.00000000
87.935859,0.00768489
87.883241,0.00000000
87.839121,0.03623823
87.792223,0.00593067
87.740372,0.01218418
87.693057,0.00000000
87.648724,0.01702758
87.600653,0.00000000
87.548331,0.00000000
87.503664,0.00000000
87.451451,0.00000000
87.405591,0.00000000
87.357029,0.00000000
87.310225,0.03071162
87.263447,0.00525042
87.216128,0.00000000
87.167697,0.00000000
87.120707,0.01336075
87.069472,0.00816759
87.025354,0.00000000
86.977200,0.00000000
86.924902,0.02282779
86.881552,0.00000000
86.833763,0.00000000
86.784910,0.00000000
86.735731,0.00361975
86.685324,0.00000000
86.641527,0.00000000
86.592191,0.00789506
86.544376,0.00625828
86.496453,0.00000000
86.446153,0.00000000
86.401255,0.00000000
86.349818,0.00000000
86.306190,0.01399150
86.257724,0.00096554
86.209819,0.00000000
86.162367,0.01400649
86.113884,0.04119413
86.062862,0.03091565
86.018571,0.01235176
85.969317,0.00000000
85.921071,0.00980235
85.873002,0.05284299
85.826912,0.01841477
85.777165,0.01755920
85.725886,0.01572416
85.680905,0.00000000
85.630058,0.00000000
85.581728,0.02637159
85.537180,0.02497788
85.486881,0.00000000
85.439553,0.00242254
85.391176,0.00000000
85.343277,0.01525683
85.297508,0.00000000
85.251264,0.02447758
85.202999,0.01187742
85.154383,0.00658113
85.105652,0.00705178
85.057153,0.01004616
85.008265,0.00000000
84.959205,0.00000000
84.915586,0.00000000
84.866566,0.00000000
84.816166,0.02817389
84.767174,0.00000000
84.718901,0.03348434
84.673321,0.01201181
84.625111,0.00000000
84.579665,0.00000000
84.527938,0.00000000
84.479032,0.02040011
84.434665,0.00000000
84.384851,0.02212404
84.338848,0.00000000
84.290563,0.00839059
84.243463,0.00715099
84.195095,0.00463083
84.145949,0.00000000
84.099294,0.00749456
84.051936,0.00563500
84.002967,0.00980394
83.952126,0.00000000
83.908830,0.02350491
83.860349,0.00000000
83.810507,0.00000000
83.760498,0.00000000
83.714025,0.00000000
83.664728,0.00000000
83.617497,0.01396321
83.572954,0.00381939
83.522180,0.02689826
83.476479,0.01931820
83.427314,0.00000000
83.379615,0.00828497
83.330602,0.00000000
83.284087,0.00000000
83.235136,0.00000000
83.188143,0.00000000
83.138329,0.00161081
83.088997,0.04595461
83.043429,0.00881956
82.994921,0.01372332
82.946760,0.00000000
82.901287,0.00000000
82.849742,0.00000000
82.801612,0.01893532
82.756086,0.00876909
82.706813,0.00000000
82.662078,0.00000000
82.610371,0.00000000
82.564432,0.00000000
82.514001,0.01430940
82.469591,0.01228299
82.419724,0.00749583
82.369417,0.00064797
82.322711,0.01580263
82.278798,0.00437317
82.226110,0.01333297
82.182067,0.00000000
82.133862,0.00000000
82.084637,0.00279560
82.038224,0.02481846
81.991377,0.04204329
81.943443,0.02539888
81.894295,0.05889347
81.847412,0.01835562
81.795327,0.01118577
81.748217,0.00000000
81.701646,0.03951978
81.651965,0.00000000
81.605486,0.00333176
81.555619,0.00000000
81.510491,0.01550678
81.462329,0.00451077
81.414067,0.00222185
81.365854,0.00000000
81.317414,0.00000000
81.270519,0.00000000
81.221855,0.00000000
81.171382,0.00000000
81.125623,0.00465630
81.078172,0.01328449
81.032191,0.00957246
80.981635,0.02708043
80.931603,0.00779392
80.887435,0.02050003
80.836507,0.00000000
80.788256,0.01531227
80.739437,0.00698166
80.695224,0.02829717
80.644808,0.00000000
80.595845,0.00843297
80.552140,0.03879749
80.501942,0.00000000
80.455848,0.01020810
80.409183,0.00000000
80.357066,0.00000000
80.312009,0.00794832
80.260385,0.00000000
80.214498,0.00516314
80.165648,0.03354505
80.116370,0.00000000
80.068352,0.02184536
80.021237,0.01739197
79.976575,0.02565714
79.924973,0.00459372
79.876401,0.00568977
79.831256,0.00000000
79.782534,0.00000000
79.736289,0.00000000
79.688828,0.00550737
79.639443,0.01688925
79.592064,0.00000000
79.541131,0.00000000
79.498233,0.01903837
79.446210,0.00000000
79.399128,0.03492521
79.351550,0.02408727
79.306184,0.00658093
79.255816,0.01627670
79.210022,0.02506760
79.158222,0.00000000
79.109665,0.01301941
79.064411,0.00000000
79.014009,0.00000000
78.968473,0.01579478
78.918043,0.00000000
78.873764,0.03412265
78.826391,0.00124989
78.776225,0.00000000
78.726588,0.00000000
78.680182,0.02319675
78.633508,0.02505925
78.585493,0.01473277
78.539230,0.02436569
78.486143,0.01453503
78.439049,0.00000000
78.395340,0.03906331
78.345802,0.01633562
78.299109,0.00000000
78.249335,0.00000000
78.203340,0.00000000
78.150542,0.00791763
78.106274,0.00000000
78.055481,0.00584795
78.009414,0.00000000
77.961745,0.00000000
77.915565,0.00000000
77.865192,0.01619133
77.818042,0.00000000
77.770973,0.04826050
77.723299,0.00000000
77.674537,0.01830862
77.626006,0.00431168
77.579071,0.00000000
77.528536,0.00000000
77.479888,0.02139455
77.431263,0.00525065
77.383727,0.00000000
77.335710,0.01230521
77.288075,0.00000000
77.242801,0.00000000
77.191633,0.00177517
77.144336,0.00000000
77.096474,0.03216900
77.050843,0.01723672
77.003734,0.00216557
76.955353,0.00992605
76.908723,0.01685029
76.856804,0.00000000
76.808778,0.02468894
76.761435,0.00000000
76.714078,0.00000000
76.669600,0.00637467
76.617238,0.00000000
76.570730,0.00442264
76.524021,0.00368479
76.476298,0.00000000
76.427063,0.01263933
76.378670,0.02067003
76.330800,0.00000000
76.283240,0.00000000
76.236818,0.00000000
76.186843,0.00000000
76.138505,0.02185595
76.093841,0.00000000
76.045231,0.02357818
75.996047,0.00000000
75.949589,0.00464728
75.897254,0.01408193
75.852287,0.01221131
75.802007,0.02716774
75.756368,0.02607940
75.710151,0.00000000
75.659959,0.00000000
75.611095,0.00000000
75.564412,0.00000000
75.513669,0.00975924
75.465759,0.00000000
75.418540,0.00000000
75.374456,0.00000000
75.322844,0.00847528
75.277210,0.00000000
75.226551,0.00000000
75.183002,0.02626916
75.135173,0.00000000
75.082954,0.00616776
75.035800,0.00000000
74.989030,0.01682156
74.938767,0.00000000
74.892477,0.00000000
74.847207,0.00000000
74.796364,0.02613953
74.747822,0.00956105
74.702328,0.03227972
74.655162,0.00000000
74.606776,0.00000000
74.558960,0.00000000
74.508313,0.01846059
74.460041,0.00435011
74.413303,0.00000000
74.363150,0.00000000
74.316137,0.01337957
74.268214,0.00858624
74.220073,0.01641888
74.174455,0.00000000
74.125860,0.00738587
74.076326,0.00000000
74.030716,0.00000000
73.983153,0.00966877
73.936350,0.00000000
73.886732,0.02179493
73.836941,0.01618731
73.788809,0.02244896
73.743719,0.00000000
73.696685,0.00000000
73.646202,0.00000000
73.598702,0.00370257
73.550276,0.02199918
73.504727,0.00000000
73.456354,0.00325474
73.409470,0.00000000
73.360089,0.00000000
73.309637,0.00367879
73.264353,0.00646229
73.214239,0.03119520
73.165947,0.00679255
73.117301,0.00174836
73.072206,0.00000000
73.024009,0.00000000
72.974897,0.00000000
72.925186,0.00000000
72.879382,0.00000000
72.832546,0.01170110
72.783300,0.02780525
72.733457,0.00399753
72.687208,0.02323711
72.641668,0.00000000
72.592652,0.00381381
72.544389,0.00000000
72.494283,0.02367853
72.450639,0.00000000
72.402011,0.03554517
72.350004,0.02037269
72.306495,0.00000000
72.253478,0.00000000
72.207660,0.00459614
72.160318,0.01908341
72.110692,0.00000000
72.062317,0.00570547
72.016536,0.00567326
71.969454,0.02274618
71.922273,0.03034154
71.874032,0.01562608
71.825415,0.00550408
71.777830,0.00000000
71.726059,0.01789966
71.682042,0.03146313
71.632401,0.00094336
71.584197,0.00236872
71.535445,0.00000000
71.487157,0.00000000
71.438953,0.02352363
71.394019,0.00000000
71.344592,0.00000000
71.299913,0.01897187
71.250156,0.00171986
71.201137,0.00000000
71.156043,0.00318227
71.102790,0.00000000
71.057959,0.00166166
71.010669,0.01783601
70.961977,0.02025086
70.915504,0.00000000
70.865959,0.00000000
70.818729,0.00122425
70.769329,0.01898612
70.724223,0.00000000
70.676712,0.01564909
70.624546,0.00000000
70.580481,0.01629970
70.532377,0.04543935
70.482750,0.00000000
70.432467,0.00725434
70.384292,0.00000000
70.339523,0.00736443
70.289906,0.00000000
70.244458,0.00000000
70.193500,0.00760312
70.147103,0.00000000
70.097215,0.00000000
70.050268,0.01482684
70.002151,0.03030852
69.957545,0.00000000
69.909457,0.00000000
69.856964,0.01273924
69.809032,0.03088944
69.763763,0.00271804
69.714243,0.00000000
69.669200,0.03054670
69.619997,0.01633343
69.571976,0.00000000
69.523361,0.00000000
69.472856,0.00000000
69.426772,0.00000000
69.381312,0.00000000
69.329991,0.00990804
69.282148,0.00000000
69.237287,0.00000000
69.185561,0.04249203
69.141653,0.00795200
69.090634,0.00357008
69.041715,0.01033492
68.995419,0.01922309
68.945938,0.00000000
68.898679,0.00000000
68.853336,0.00000000
68.804921,0.01735511
68.755148,0.00230057
68.709919,0.03269773
68.661297,0.00610102
68.611531,0.00000000
68.561937,0.02317482
68.518515,0.04146539
68.471033,0.00398096
68.421011,0.00000000
68.371664,0.01325844
68.324890,0.00000000
68.278414,0.00000000
68.231605,0.00000000
68.181922,0.00385988
68.133113,0.01571518
68.084892,0.00000000
68.038089,0.00000000
67.990985,0.02888426
67.941399,0.00000000
67.893077,0.00000000
67.848057,0.00000000
67.795257,0.00000000
67.748962,0.00000000
67.701827,0.00000000
67.651509,0.00000000
67.605582,0.00338381
67.557659,0.01002884
67.511354,0.00748431
67.459860,0.03118176
67.414407,0.00107399
67.367360,0.00000000
67.318529,0.01133188
67.269275,0.00000000
67.222099,0.00000000
67.173754,0.02472185
67.124354,0.00000000
67.077309,0.00000000
67.032859,0.00749934
66.981266,0.00000000
66.935529,0.00000000
66.888817,0.00000000
66.835886,0.00480976
66.791336,0.00000000
66.744755,0.01867295
66.693284,0.01168370
66.646696,0.00000000
66.601356,0.00000000
66.553537,0.00269469
66.504186,0.01912622
66.456739,0.00000000
66.407738,0.00000000
66.356243,0.01883935
66.313865,0.01614483
66.261701,0.01157427
66.217070,0.00000000
66.166734,0.00000000
66.118372,0.00807866
66.073034,0.00000000
66.022497,0.00590432
65.977555,0.00000000
65.927969,0.00000000
65.879352,0.00000000
65.832610,0.00000000
65.785119,0.00704960
65.737427,0.03059682
65.685243,0.00000000
65.638005,0.00000000
65.592643,0.00000000
65.543551,0.01410180
65.493499,0.00000000
65.450369,0.00000000
65.398236,0.02552922
65.350782,0.00000000
65.304976,0.01913231
65.256794,0.00000000
65.208169,0.00000000
65.161499,0.01971437
65.113487,0.00000000
65.063274,0.00000000
65.016131,0.00000000
64.966783,0.01711658
64.921033,0.00596882
64.871348,0.00000000
64.824235,0.00000000
64.777795,0.00000000
64.726426,0.00000000
64.681665,0.00000000
64.634809,0.00000000
64.587627,0.02486211
64.535668,0.00000000
64.487167,0.00000000
64.443794,0.02053502
64.391273,0.01746507
64.342604,0.01444014
64.298373,0.00000000
64.247280,0.01271610
64.200371,0.00000000
64.154086,0.02278952
64.103736,0.00000000
64.055674,0.00000000
64.011520,0.01387872
63.963479,0.00000000
63.914886,0.02241692
63.866558,0.00093850
63.820611,0.00943696
63.770184,0.00650500
63.719732,0.01178978
63.671688,0.05150814
63.625486,0.00653198
63.577210,0.00421739
63.528179,0.00906592
63.483862,0.01417636
63.432076,0.02681903
63.385883,0.00000000
63.339819,0.00000000
63.290693,0.00000000
63.241782,0.00000000
63.195221,0.00000000
63.149452,0.01334587
63.098899,0.00000000
63.048941,0.00479387
63.000505,0.00000000
62.955046,0.00000000
62.907348,0.00000000
62.858744,0.00000000
62.811899,0.01779108
62.763784,0.00000000
62.714509,0.01817667
62.664946,0.00925337
62.620149,0.00000000
62.573876,0.01817955
62.524327,0.03740484
62.476598,0.00000000
62.427622,0.00472864
62.379206,0.00000000
62.329142,0.00000000
62.282860,0.00000000
62.233912,0.00000000
62.187238,0.00000000
62.140973,0.00000000
62.089443,0.00000000
62.043511,0.00000000
61.996044,0.00064010
61.946456,0.00000000
61.900290,0.00141724
61.852652,0.00000000
61.804272,0.00000000
61.755247,0.00447592
61.709072,0.00000000
61.662980,0.01802474
61.612153,0.00000000
61.566441,0.00000000
61.515754,0.00000000
61.468337,0.00000000
61.421637,0.03609817
61.370157,0.00000000
61.323765,0.01766310
61.278384,0.00000000
61.230749,0.00000000
61.180759,0.01713817
61.131770,0.03030276
61.085665,0.00000000
61.034861,0.00000000
60.990700,0.00204382
60.942112,0.00000000
60.891755,0.00539393
60.845658,0.04067589
60.799558,0.00000000
60.750666,0.00443896
60.702705,0.00000000
60.651080,0.00000000
60.603150,0.00459308
60.560421,0.00181512
60.511923,0.03834383
60.462377,0.01286000
60.411880,0.01122776
60.366195,0.03802602
60.318776,0.00000000
60.272018,0.00532301
60.224334,0.00000000
60.171569,0.00000000
60.123842,0.00000000
60.080107,0.00574607
60.029664,0.00000000
59.982721,0.00000000
59.932084,0.00307601
59.887712,0.00000000
59.838181,0.03281687
59.790718,0.00000000
59.743458,0.02072542
59.696495,0.00000000
59.646366,0.00485896
59.596760,0.00000000
59.550111,0.00000000
59.503369,0.00000000
59.456403,0.00000000
59.409906,0.05153958
59.359362,0.01686543
59.310727,0.00000000
59.261604,0.02091944
59.215968,0.00000000
59.164690,0.00000000
59.119853,0.00000000
59.069920,0.01686324
59.022750,0.00123989
58.974480,0.00000000
58.929473,0.00000000
58.878446,0.00000000
58.831453,0.01715614
58.783608,0.02394491
58.736135,0.04071643
58.690659,0.00000000
58.639458,0.03127120
58.594252,0.02536594
58.544399,0.00000000
58.496680,0.00000000
58.447682,0.02187026
58.402502,0.00000000
58.350095,0.00502838
58.306666,0.00000000
58.258269,0.00000000
58.206178,0.00000000
58.159829,0.02057778
58.113036,0.00000000
58.066058,0.00000000
58.016432,0.00000000
57.966548,0.00000000
57.920105,0.03877184
57.874795,0.00596074
57.824948,0.03739163
57.779627,0.01100798
57.730204,0.00770084
57.682533,0.01253967
57.633041,0.00000000
57.587948,0.00000000
57.537187,0.00000000
57.491988,0.01067543
57.443584,0.02688265
57.391560,0.02202049
57.347800,0.00000000
57.299876,0.00000000
57.249420,0.00000000
57.199896,0.01820415
57.152852,0.00374856
57.104484,0.02402604
57.056770,0.02215062
57.009698,0.01136855
56.961031,0.02061298
56.911972,0.00000000
56.863529,0.01649255
56.816205,0.00000000
56.770952,0.00000000
56.720084,0.00389077
56.671901,0.00000000
56.627269,0.00792759
56.578124,0.01630962
56.530427,0.00000000
56.484038,0.01631310
56.433788,0.01629344
56.385304,0.00000000
56.338408,0.01110420
56.291469,0.00000000
56.242902,0.00000000
56.194800,0.00000000
56.149391,0.00000000
56.096457,0.05288502
56.049911,0.02677545
56.003813,0.00000000
55.955012,0.00470079
55.908187,0.00000000
55.861895,0.00000000
55.811752,0.00774144
55.761254,0.01577274
55.714758,0.00000000
55.665898,0.00000000
55.621729,0.00000000
55.570561,0.01611954
55.523367,0.01813782
55.478535,0.02594100
55.426077,0.00000000
55.382362,0.00000000
55.329504,0.02029281
55.284672,0.00000000
55.236214,0.00000000
55.190666,0.00000000
55.141236,0.00000000
55.090167,0.00000000
55.045958,0.00000000
54.997789,0.00000000
54.948217,0.00384011
54.900441,0.00000000
54.854687,0.00000000
54.804661,0.00000000
54.756589,0.00000000
54.708940,0.00000000
54.663036,0.00126941
54.611295,0.00000000
54.567242,0.00000000
54.518584,0.01868954
54.470094,0.01611484
54.418309,0.01653611
54.374668,0.03300770
54.326329,0.00809332
54.279022,0.01527351
54.228789,0.00000000
54.179700,0.00000000
54.132154,0.01688086
54.087068,0.03092268
54.036017,0.00000000
53.989715,0.01221075
53.939278,0.01190546
53.894314,0.00000000
53.848342,0.01408864
53.799195,0.02435156
53.749420,0.01822685
53.700406,0.00000000
53.652716,0.00000000
53.607401,0.00000000
53.560819,0.02918173
53.511655,0.00643697
53.464867,0.02630085
53.416148,0.00000000
53.366893,0.00000000
53.315745,0.00000000
53.267694,0.00000000
53.219832,0.00000000
53.175593,0.00000000
53.128973,0.00000000
53.078705,0.00801323
53.028499,0.00301059
52.984104,0.00000000
52.934175,0.00000000
52.886109,0.00000000
52.841550,0.01973214
52.790618,0.02295358
52.745062,0.00000000
52.694707,0.01721045
52.648463,0.05525184
52.599813,0.00000000
52.553903,0.00278374
52.500593,0.00000000
52.455393,0.00142213
52.409073,0.00000000
52.358825,0.00000000
52.308990,0.00000000
52.265672,0.01821764
52.216049,0.01692864
52.165838,0.00885909
52.118764,0.00000000
52.069914,0.00382820
52.026282,0.00244298
51.976994,0.00000000
51.928516,0.00000000
51.882555,0.00000000
51.831092,0.00000000
51.783694,0.02255812
51.737659,0.00000000
51.689151,0.00000000
51.638788,0.00000000
51.594049,0.00336310
51.543221,0.00000000
51.495849,0.03691064
51.447758,0.00000000
51.399760,0.01476161
51.352200,0.00855208
51.305577,0.02969558
51.254795,0.00000000
51.209658,0.03449156
51.159831,0.01177511
51.112976,0.00414962
51.063092,0.00000000
51.017486,0.00263199
50.966587,0.00000000
50.918769,0.00000000
50.873633,0.00000000
50.823726,0.01433416
50.776905,0.00454303
50.730875,0.02451717
50.680466,0.05106633
50.634173,0.00473016
50.584809,0.00864331
50.536557,0.00000000
50.487939,0.00000000
50.439916,0.02244538
50.395049,0.01296540
50.343678,0.01569157
50.296189,0.04056985
50.249071,0.02129494
50.201387,0.00000000
50.154484,0.00000000
50.106509,0.00000000
50.055625,0.02163948
50.009726,0.00252044
49.964826,0.00470096
49.915621,0.00000000
49.867177,0.00791575
49.820264,0.00000000
49.772382,0.00000000
49.722756,0.01323012
49.676381,0.00000000
49.625968,0.00000000
49.578436,0.02529360
49.529874,0.00000000
49.485045,0.00000000
49.435479,0.03366296
49.385936,0.00000000
49.338546,0.00607105
49.290122,0.00772360
49.244592,0.00000000
49.196003,0.01334857
49.145250,0.00000000
49.097273,0.00000000
49.048600,0.00000000
49.005511,0.00000000
48.953918,0.00000000
48.906524,0.00679261
48.856937,0.00000000
48.809793,0.00841730
48.762637,0.00000000
48.715299,0.00000000
48.669506,0.00000000
48.619672,0.00000000
48.570876,0.00000000
48.522476,0.00391061
48.476389,0.00062289
48.428988,0.03071802
48.381461,0.01647386
48.331764,0.00000000
48.286951,0.00000000
48.236826,0.00497947
48.188078,0.04813961
48.142971,0.00000000
48.091461,0.01505539
48.046084,0.01719219
47.996900,0.00000000
47.948603,0.00000000
47.898154,0.01849412
47.853165,0.00000000
47.804771,0.00000000
47.754854,0.00000000
47.710214,0.02711862
47.660298,0.01265615
47.614937,0.01518737
47.567540,0.00000000
47.517156,0.00000000
47.470491,0.01602014
47.419594,0.02356579
47.374249,0.02345933
47.325513,0.00000000
47.275710,0.00000000
47.230350,0.00000000
47.181748,0.00000000
47.131311,0.00824449
47.088180,0.02270061
47.039197,0.00000000
46.991199,0.01108869
46.942878,0.00000000
46.895941,0.01560975
46.844589,0.02155000
46.796087,0.00000000
46.747664,0.00000000
46.701560,0.03878525
46.651777,0.00000000
46.605744,0.00000000
46.557256,0.00000000
46.508210,0.00000000
46.462572,0.00000000
46.415828,0.00000000
46.364987,0.00000000
46.317183,0.02259930
46.269186,0.00743751
46.220644,0.00000000
46.173067,0.00901552
46.128825,0.01673263
46.077593,0.00000000
46.030356,0.00000000
45.982652,0.00018673
45.934079,0.00000000
45.884785,0.00000000
45.837598,0.00000000
45.789437,0.01796538
45.742839,0.00000000
45.696605,0.00000000
45.650127,0.00000000
45.601141,0.00023957
45.554134,0.02286253
45.501704,0.00000000
45.456580,0.00000000
45.407805,0.00000000
45.358164,0.00957243
45.310625,0.01029418
45.264203,0.00000000
45.217788,0.00000000
45.170448,0.00000000
45.119387,0.01865870
45.071413,0.00000000
45.021866,0.00729010
44.978109,0.00469012
44.926434,0.00000000
44.880081,0.00000000
44.829821,0.00675207
44.783971,0.00000000
44.734606,0.00000000
44.690538,0.00000000
44.639805,0.03629298
44.590675,0.00000000
44.543057,0.00195119
44.497172,0.00028341
44.450258,0.00103145
44.400489,0.00000000
44.354334,0.03630765
44.306168,0.00000000
44.258975,0.00322927
44.208087,0.00000000
44.158969,0.00000000
44.113125,0.00079361
44.065166,0.00000000
44.017680,0.03760978
43.969095,0.00000000
43.923318,0.03485773
43.876154,0.00000000
43.824913,0.00000000
43.780192,0.00000000
43.730137,0.00000000
43.681731,0.03618287
43.631646,0.01912514
43.587121,0.01940159
43.537425,0.00000000
43.491854,0.00000000
43.441474,0.00249753
43.396252,0.01382107
43.346973,0.00000000
43.297923,0.00000000
43.248822,0.01743516
43.199665,0.02501808
43.154079,0.00000000
43.106620,0.00000000
43.061158,0.00000000
43.012943,0.02661366
42.964131,0.03330885
42.916579,0.00408388
42.866567,0.00000000
42.820272,0.00000000
42.772689,0.00000000
42.725473,0.00000000
42.674120,0.01926539
42.626146,0.00198589
42.576299,0.00000000
42.528347,0.00000000
42.480597,0.00000000
42.434770,0.02516121
42.387430,0.02230552
42.340306,0.00000000
42.292572,0.00000000
42.246058,0.00000000
42.195778,0.02931441
42.145657,0.00000000
42.098803,0.00000000
42.049665,0.00000000
42.000885,0.00000000
41.953523,0.00545555
41.908243,0.00315884
41.859467,0.03770273
41.811738,0.00304565
41.765633,0.00674753
41.716104,0.00432654
41.666124,0.03088790
41.618749,0.00000000
41.569789,0.00636527
41.526787,0.00000000
41.474211,0.00643998
41.425944,0.00620040
41.381856,0.00390160
41.330628,0.00016135
41.282043,0.00975417
41.235009,0.02404709
41.188117,0.00000000
41.138055,0.01270659
41.092132,0.01843631
41.046664,0.02280838
40.999612,0.00078865
40.948922,0.00000000
40.901619,0.00000000
40.851038,0.00000000
40.802788,0.00000000
40.757807,0.00000000
40.710852,0.00000000
40.661069,0.00000000
40.613621,0.02407646
40.567830,0.02101710
40.515678,0.00000000
40.468195,0.00755323
40.419659,0.00000000
40.374873,0.03223608
40.323355,0.00000000
40.274882,0.00000000
40.228274,0.00000000
40.183564,0.02070902
40.134345,0.00854117
40.087327,0.00424412
40.036788,0.01218634
39.988380,0.00000000
39.943953,0.00000000
39.891783,0.00000000
39.844470,0.01000945
39.800276,0.03426541
39.749872,0.00000000
39.703709,0.03614014
39.652886,0.00000000
39.606097,0.00000000
39.560591,0.07529282
39.513196,0.03293601
39.460848,0.03713368
39.413676,0.01484175
39.367579,0.00000000
39.320988,0.00776404
39.268685,0.01891006
39.222876,0.00725913
39.175100,0.00504814
39.128535,0.02270156
39.080109,0.00458613
39.032048,0.02067113
38.984371,0.01407172
38.935726,0.00000000
38.889957,0.03692423
38.837057,0.02580667
38.791653,0.00914436
38.744548,0.00000000
38.693685,0.00000000
38.646534,0.04450147
38.597839,0.00000000
38.551892,0.03661128
38.502305,0.00000000
38.454293,0.00000000
38.405834,0.00000000
38.361036,0.01180386
38.314078,0.00000000
38.265256,0.00000000
38.217666,0.05749378
38.168927,0.00000000
38.120625,0.00000000
38.073396,0.00000000
38.023805,0.00000000
37.977713,0.00000000
37.927698,0.00000000
37.879616,0.00794605
37.834497,0.00000000
37.784859,0.00000000
37.736796,0.00000000
37.691047,0.02888088
37.639796,0.00898356
37.590364,0.00000000
37.546535,0.02236140
37.496645,0.00000000
37.449234,0.00000000
37.403551,0.00000000
37.354215,0.00325780
37.303691,0.00000000
37.255654,0.00000000
37.209584,0.02406724
37.160077,0.03033480
37.110752,0.01307020
37.064303,0.02155116
37.019351,0.00000000
36.972293,0.01554618
36.921261,0.01478218
36.870967,0.00000000
36.826605,0.00000000
36.777732,0.00000000
36.730890,0.00000000
36.680069,0.02583127
36.634585,0.05084395
36.584301,0.01216139
36.537227,0.00000000
36.490861,0.03767946
36.442494,0.00000000
36.393074,0.00456949
36.345793,0.00000000
36.298407,0.00533918
36.248765,0.00000000
36.203256,0.00000000
36.155129,0.00000000
36.106310,0.00992814
36.059053,0.02334293
36.008493,0.04781646
35.965235,0.00000000
35.916900,0.00534597
35.866081,0.01902190
35.818629,0.00152968
35.770787,0.00000000
35.723177,0.00000000
35.675610,0.00000000
35.628446,0.05070752
35.577017,0.00000000
35.533662,0.03221848
35.483324,0.00000000
35.437139,0.01051778
35.389067,0.00000000
35.339744,0.00000000
35.291110,0.00000000
35.243186,0.00000000
35.197297,0.03204563
35.149446,0.01820508
35.102116,0.00000000
35.049623,0.01811393
35.001658,0.00000000
34.957324,0.01683153
34.909489,0.02759048
34.858698,0.00000000
34.812016,0.00000000
34.765148,0.01619243
34.718009,0.01358421
34.668959,0.05000098
34.622817,0.00000000
34.570890,0.04376429
34.521793,0.00021703
34.476482,0.00000000
34.429727,0.01711302
34.378093,0.00000000
34.334963,0.00874941
34.284963,0.01066349
34.238053,0.00000000
34.186420,0.00334338
34.140330,0.00712152
34.093870,0.00774267
34.046678,0.00251373
33.999031,0.00000000
33.946388,0.00000000
33.900847,0.00075180
33.856002,0.02649651
33.805832,0.00000000
33.754663,0.00000000
33.708393,0.00000000
33.659506,0.00000000
33.612260,0.00380238
33.566968,0.00000000
33.515820,0.00495155
33.468529,0.02945385
33.420667,0.00000000
33.371097,0.00000000
33.323664,0.01687020
33.277390,0.00998088
33.231249,0.00000000
33.183507,0.02027835
33.132929,0.00000000
33.084340,0.00000000
33.038606,0.00142281
32.992798,0.00000000
32.941565,0.00400813
32.895386,0.00000000
32.846434,0.01245649
32.798493,0.05174022
32.749456,0.00000000
32.702802,0.01383940
32.652315,0.00000000
32.604375,0.00320568
32.558633,0.00000000
32.513323,0.00000000
32.462278,0.00000000
32.416180,0.03334333
32.367898,0.00000000
32.317901,0.00000000
32.273639,0.00000000
32.224454,0.00000000
32.175238,0.02275502
32.127162,0.01683810
32.078147,0.00000000
32.030454,0.00000000
31.982677,0.01738327
31.936054,0.00000000
31.886449,0.00000000
31.837367,0.00376528
31.788923,0.01944467
31.745514,0.02082767
31.694947,0.00000000
31.645934,0.02056772
31.598631,0.00297671
31.552697,0.03154827
31.502599,0.00000000
31.456909,0.00000000
31.406737,0.00201384
31.359675,0.00151202
31.312017,0.02904410
31.263452,0.00914218
31.215745,0.00102636
31.165661,0.04310023
31.121213,0.00000000
31.074636,0.00000000
31.022819,0.00000000
30.978586,0.00391451
30.926458,0.00000000
30.880634,0.00508386
30.835549,0.01664875
30.783147,0.00000000
30.736659,0.00000000
30.689809,0.00875885
30.641715,0.00000000
30.593502,0.01337630
30.545048,0.01145957
30.495431,0.00171849
30.450897,0.01282499
30.399874,0.00000000
30.354182,0.00000000
30.305821,0.04109506
30.256557,0.00000000
30.208306,0.00000000
30.162440,0.00000000
30.113095,0.00098357
30.065455,0.00000000
30.018483,0.00000000
29.971215,0.02568326
29.923126,0.00623080
29.875162,0.00000000
29.827180,0.00000000
29.780650,0.05467892
29.730938,0.00986679
29.683021,0.00000000
29.633398,0.00000000
29.585217,0.01547406
29.539205,0.00000000
29.490490,0.05946316
29.443720,0.00000000
29.394823,0.00000000
29.347974,0.00000000
29.300381,0.00000000
29.253277,0.00472468
29.202848,0.00000000
29.155624,0.03051097
29.105236,0.00878123
29.057556,0.00000000
29.008931,0.00298008
28.963122,0.00049300
28.913503,0.00000000
28.869087,0.00000000
28.817262,0.02365705
28.772836,0.00543567
28.723097,0.00000000
28.673237,0.00403698
28.626503,0.00000000
28.579117,0.01421048
28.529220,0.00746712
28.482706,0.00000000
28.434972,0.00471238
28.388074,0.03194208
28.342258,0.00000000
28.291862,0.00000000
28.242658,0.00000000
28.194208,0.01367188
28.146354,0.02240616
28.099527,0.00000000
28.052758,0.00306070
28.004806,0.04056083
27.955724,0.00292458
27.909507,0.01822056
27.858736,0.02201966
27.814603,0.00920838
27.766785,0.00000000
27.716944,0.00653107
27.667579,0.00000000
27.619952,0.01217953
27.571095,0.01290738
27.525603,0.00418770
27.477906,0.00000000
27.429878,0.01530678
27.383006,0.00969424
27.334848,0.00000000
27.287545,0.00701518
27.234784,0.00000000
27.190293,0.00000000
27.142162,0.00000000
27.093739,0.03034768
27.045446,0.01225918
26.998326,0.00622603
26.949317,0.00000000
26.900688,0.00000000
26.853173,0.00753216
26.805074,0.00000000
26.760318,0.00000000
26.707715,0.00000000
26.659081,0.00000000
26.614496,0.00390608
26.564599,0.00937689
26.518698,0.00000000
26.469578,0.00658435
26.420834,0.03642803
26.372174,0.03793272
26.324852,0.03206330
26.275341,0.00675934
26.231618,0.03901179
26.183612,0.03911438
26.133788,0.01379267
26.088125,0.04649246
26.038943,0.02077685
25.991573,0.05069957
25.941906,0.03759222
25.895582,0.01790404
25.844044,0.00000000
25.797741,0.02029913
25.749745,0.00000000
25.701054,0.00000000
25.654777,0.03137867
25.606761,0.04016178
25.556991,0.00000000
25.508803,0.00000000
25.462552,0.01394329
25.417013,0.01299187
25.367064,0.00000000
25.319084,0.00250775
25.271100,0.00242068
25.221919,0.00000000
25.174981,0.04613184
25.128486,0.01901446
25.081094,0.00804593
25.028890,0.00000000
24.983789,0.00000000
24.938244,0.03681511
24.886999,0.00000000
24.840844,0.00000000
24.789316,0.00000000
24.746275,0.00771067
24.698343,0.00000000
24.647581,0.01452045
24.602730,0.00000000
24.550854,0.00000000
24.502225,0.00000000
24.456555,0.01197774
24.406956,0.00000000
24.360126,0.00000000
24.315146,0.01390558
24.265216,0.00488836
24.217797,0.00000000
24.168219,0.00005868
24.122252,0.00000000
24.072822,0.00000000
24.024502,0.03366717
23.977921,0.03861967
23.930299,0.01428395
23.881554,0.03294007
23.835735,0.00000000
23.784515,0.04355092
23.738276,0.00000000
23.689425,0.00000000
23.643971,0.00000000
23.591808,0.00701386
23.542961,0.00111986
23.497002,0.00000000
23.448265,0.01982021
23.400606,0.00000000
23.353211,0.00000000
23.305852,0.01370343
23.258521,0.00000000
23.210882,0.00000000
23.164017,0.02426670
23.114564,0.00463922
23.063203,0.02879069
23.018395,0.00875366
22.967448,0.01249042
22.920475,0.00954578
22.872589,0.02961792
22.826432,0.00000000
22.777320,0.00000000
22.727661,0.00000000
22.682263,0.00000000
22.635648,0.00000000
22.587469,0.00000000
22.539243,0.00000000
22.489592,0.00204864
22.444797,0.00000000
22.395082,0.00000000
22.346011,0.00000000
22.301345,0.00000000
22.249569,0.00000000
22.202624,0.00000000
22.154846,0.02795155
22.107617,0.00483823
22.060964,0.00000000
22.013828,0.00518765
21.962539,0.01542372
21.916957,0.00000000
21.870022,0.00000000
21.820487,0.00484368
21.768925,0.00000000
21.723775,0.00000000
21.672984,0.00000000
21.626826,0.00000000
21.577895,0.00000000
21.533510,0.00000000
21.484337,0.00372640
21.433938,0.00000000
21.386713,0.01265337
21.337676,0.01074853
21.290420,0.00420105
21.242877,0.00128673
21.193556,0.00790541
21.148956,0.01393904
21.102202,0.00000000
21.050201,0.02191302
21.004189,0.00000000
20.954069,0.00784050
20.910621,0.00000000
20.862750,0.00000000
20.815019,0.01936168
20.766423,0.00461335
20.718466,0.01542138
20.667650,0.00000000
20.622483,0.00000000
20.575063,0.00000000
20.524592,0.00948369
20.477353,0.03813157
20.431511,0.00000000
20.380231,0.00000000
20.335087,0.03245207
20.285839,0.00694196
20.237245,0.00000000
20.191334,0.00488949
20.141921,0.01416877
20.091101,0.02414152
20.047781,0.00158469
19.997211,0.01985756
19.951086,0.00000000
19.899722,0.00000000
19.850931,0.00347527
19.806719,0.00058992
19.759563,0.00000000
19.712130,0.01152431
19.662873,0.00000000
19.615106,0.01735316
19.567716,0.00000000
19.517003,0.00000000
19.469402,0.00000000
19.423501,0.00000000
19.376952,0.02139714
19.323952,0.00000000
19.277638,0.00000000
19.231448,0.00437829
19.183543,0.00000000
19.134611,0.00000000
19.085689,0.00000000
19.040722,0.01551201
18.988778,0.00000000
18.941442,0.00160960
18.896830,0.00070791
18.848888,0.00388863
18.796452,0.00000000
18.750602,0.02252027
18.702123,0.00000000
18.656447,0.00000000
18.609853,0.01812853
18.558769,0.00000000
18.510881,0.00990090
18.460803,0.00100723
18.415463,0.00000000
18.365988,0.00666492
18.321674,0.00725760
18.269740,0.03597052
18.226311,0.00000000
18.178081,0.00379286
18.129143,0.00000000
18.077767,0.00000000
18.034466,0.03364487
17.982272,0.00187496
17.934580,0.00144228
17.889863,0.01244448
17.842657,0.00000000
17.792285,0.00000000
17.742184,0.00000000
17.698357,0.00000000
17.646066,0.00000000
17.601773,0.00956740
17.549572,0.00148401
17.503064,0.03129437
17.455704,0.01365689
17.409730,0.00000000
17.361661,0.00720347
17.312354,0.00000000
17.267494,0.00000000
17.214717,0.01135993
17.166048,0.00000000
17.120213,0.00000000
17.074954,0.00000000
17.026232,0.00000000
16.975645,0.00000000
16.926908,0.00000000
16.882286,0.03464082
16.833966,0.00473837
16.786637,0.02227274
16.737505,0.03038207
16.688534,0.00000000
16.641168,0.00000000
16.593316,0.00000000
16.543500,0.00000000
16.496040,0.03340868
16.452169,0.01022625
16.402154,0.03016743
16.353388,0.01953109
16.305094,0.01418467
16.255126,0.00000000
16.211772,0.00000000
16.163118,0.00000000
16.113438,0.00000000
16.065942,0.00818577
16.016220,0.04014866
15.968079,0.00327024
15.920166,0.00000000
15.876861,0.03607617
15.824198,0.03371268
15.780980,0.00000000
15.732816,0.00000000
15.679813,0.00000000
15.632798,0.00287644
15.584447,0.00000000
15.539411,0.00936834
15.493420,0.01482260
15.440050,0.00000000
15.397140,0.01325642
15.346492,0.00000000
15.299474,0.01625655
15.252940,0.00000000
15.202766,0.01692059
15.157756,0.00000000
15.107202,0.01675372
15.057863,0.00000000
15.010438,0.00000000
14.960622,0.00593823
14.915973,0.00000000
14.870225,0.00000000
14.820601,0.00000000
14.769329,0.00000000
14.724142,0.00000000
14.673688,0.00000000
14.629262,0.00566287
14.580414,0.00673082
14.529900,0.00000000
14.485857,0.00000000
14.434466,0.00000000
14.386109,0.00000000
14.342416,0.00000000
14.291210,0.00000000
14.243389,0.01977225
14.197693,0.00000000
14.146270,0.00000000
14.098480,0.00000000
14.052868,0.00000000
14.002716,0.03588956
13.958798,0.01046212
13.909337,0.00000000
13.861898,0.00000000
13.812439,0.00000000
13.762555,0.00000000
13.717696,0.01095124
13.671269,0.01801142
13.620913,0.00000000
13.573566,0.00063687
13.527806,0.03366823
13.474710,0.00000000
13.427998,0.00033213
13.378689,0.01924599
13.335747,0.00367076
13.287860,0.00000000
13.236145,0.00000000
13.190711,0.00019856
13.143216,0.00000000
13.091304,0.02221361
13.045390,0.00386498
12.997687,0.00000000
12.947579,0.00000000
12.899932,0.00000000
12.855910,0.01296562
12.806638,0.00000000
12.756022,0.00928191
12.711604,0.00248782
12.661432,0.01102453
12.615446,0.00000000
12.567065,0.00000000
12.519619,0.00000000
12.471249,0.01625238
12.422322,0.00000000
12.372559,0.01187768
12.328431,0.02625578
12.275927,0.00000000
12.230262,0.00000000
12.183272,0.00000000
12.136076,0.01499332
12.086310,0.00000000
12.037970,0.04116036
11.990704,0.03461936
11.941043,0.01821332
11.894656,0.00423896
11.845114,0.00000000
11.798074,0.02515479
11.752556,0.04003633
11.702894,0.00000000
11.656469,0.00000000
11.604791,0.00836853
11.559534,0.02518219
11.509267,0.00000000
11.465324,0.00887211
11.417855,0.02833717
11.368940,0.00000000
11.318165,0.00959170
11.272156,0.00531636
11.224118,0.00000000
11.178219,0.00105887
11.125279,0.02087656
11.080542,0.00266955
11.034196,0.01431262
10.982413,0.00000000
10.935922,0.00000000
10.889581,0.00917318
10.838874,0.00000000
10.794376,0.00000000
10.746168,0.00000000
10.696635,0.00000000
10.648812,0.01657228
10.598471,0.02082999
10.550624,0.02990806
10.507280,0.00000000
10.458522,0.00000000
10.408594,0.00007854
10.362632,0.03518885
10.311413,0.00000000
10.265546,0.00000000
10.215342,0.05275130
10.171702,0.01369654
10.123164,0.00000000
10.074980,0.01250492
10.027990,0.00712699
9.977139,0.00479707
9.929990,0.01758361
9.879546,0.00000000
9.834378,0.00000000
9.784273,0.00000000
9.736635,0.00000000
9.687531,0.00000000
9.639846,0.00000000
9.592711,0.00153906
9.543408,0.00000000
9.498562,0.00000000
9.447540,0.02357060
9.400557,0.02108685
9.353356,0.01675535
9.306873,0.02209455
9.257744,0.00567833
9.212333,0.02627707
9.163583,0.00229907
9.114595,0.00344772
9.068438,0.00000000
9.020870,0.03334688
8.969788,0.00000000
8.921583,0.00000000
8.876664,0.00432946
8.824165,0.00000000
8.778151,0.00000000
8.733275,0.00000000
8.682475,0.00000000
8.636473,0.00000000
8.588326,0.00000000
8.539379,0.01567964
8.490169,0.00000000
8.442184,0.04145613
8.393054,0.02464690
8.348511,0.00345389
8.300418,0.00931594
8.250806,0.01252001
8.202343,0.00000000
8.155788,0.00584628
8.109578,0.03776645
8.060602,0.00017663
8.014207,0.01359779
7.965463,0.01527483
7.915268,0.00000000
7.865412,0.00000000
7.819664,0.01629304
7.773860,0.01117009
7.724995,0.00000000
7.674535,0.03168791
7.627770,0.00000000
7.579489,0.00000000
7.533224,0.01801021
7.484207,0.00000000
7.435518,0.00000000
7.387730,0.01503490
7.337861,0.00000000
7.294532,0.00557137
7.244065,0.00000000
7.195876,0.00000000
7.150693,0.00000000
7.101237,0.01321654
7.055169,0.04555816
7.003908,0.00634498
6.956828,0.02619776
6.910969,0.00896832
6.860075,0.00000000
6.811392,0.00000000
6.764423,0.00204063
6.716365,0.00000000
6.666945,0.00000000
6.621093,0.00000000
6.571753,0.00000000
6.525284,0.00232156
6.477252,0.01192731
6.431474,0.00184849
6.379328,0.01203048
6.331559,0.00422283
6.284788,0.00000000
6.235549,0.00000000
6.190809,0.00647927
6.139167,0.00000000
6.093261,0.00000000
6.043639,0.00000000
5.996902,0.03779594
5.947635,0.01367811
5.903790,0.01662765
5.853950,0.00000000
5.805707,0.00000000
5.755634,0.00000000
5.709935,0.01152290
5.659780,0.02243384
5.616037,0.02833518
